Repository's Location,Branch,File Formats,Ignore Glob List,Ignore standalone config,Ignore Commits List,Ignore Authors List,Shallow Cloning,Find Previous Authors
https://github.com/Kamban123/ip.git,master,,tutorials/**;gradlew.bat,,,,,
https://github.com/arcs1ne/ip.git,master,,tutorials/**;gradlew.bat,,,,,
https://github.com/sheeppocket/ip.git,master,,tutorials/**;gradlew.bat,,,,,
https://github.com/ShengHaozz/ip.git,master,,tutorials/**;gradlew.bat,,,,,
https://github.com/RyanNZZ2205/ip.git,master,,tutorials/**;gradlew.bat,,,,,
https://github.com/ry-cy/ip.git,master,,tutorials/**;gradlew.bat,,,,,
https://github.com/Linux735/ip.git,master,,tutorials/**;gradlew.bat,,,,,
https://github.com/MicahLiow/ip.git,master,,tutorials/**;gradlew.bat,,,,,
https://github.com/SalmanAlfarisi5/ip.git,master,,tutorials/**;gradlew.bat,,,,,
https://github.com/ngxuanjin/ip.git,master,,tutorials/**;gradlew.bat,,,,,
https://github.com/mizzfain/ip.git,master,,tutorials/**;gradlew.bat,,,,,
https://github.com/Cywez/ip.git,master,,tutorials/**;gradlew.bat,,,,,
https://github.com/wangyixuan818/ip.git,master,,tutorials/**;gradlew.bat,,,,,
https://github.com/Kafka03/ip.git,master,,tutorials/**;gradlew.bat,,,,,
https://github.com/Yx0905/ip.git,master,,tutorials/**;gradlew.bat,,,,,
https://github.com/luyao-111/ip.git,master,,tutorials/**;gradlew.bat,,,,,
https://github.com/tanyxuan/ip.git,master,,tutorials/**;gradlew.bat,,,,,
https://github.com/Chia-Kei-Pei/ip.git,master,,tutorials/**;gradlew.bat,,,,,
https://github.com/CoolStatue/ip.git,master,,tutorials/**;gradlew.bat,,,,,
https://github.com/Indraarr/ip.git,master,,tutorials/**;gradlew.bat,,,,,
https://github.com/kpkavin04/ip.git,master,,tutorials/**;gradlew.bat,,,,,
https://github.com/Monochromas/ip.git,master,,tutorials/**;gradlew.bat,,,,,
https://github.com/arun-bas/ip.git,master,,tutorials/**;gradlew.bat,,,,,
https://github.com/KeeYenCheng/ip.git,master,,tutorials/**;gradlew.bat,,,,,
https://github.com/xy-241/ip.git,master,,tutorials/**;gradlew.bat,,,,,
https://github.com/elhanannw/ip.git,master,,tutorials/**;gradlew.bat,,,,,
https://github.com/lzxrenfred/ip.git,master,,tutorials/**;gradlew.bat,,,,,
https://github.com/Dancodes2/ip.git,master,,tutorials/**;gradlew.bat,,,,,
https://github.com/cacklycrackle/ip.git,master,,tutorials/**;gradlew.bat,,,,,
https://github.com/JackyJiangCS/ip.git,master,,tutorials/**;gradlew.bat,,,,,
https://github.com/FrancisRalph/ip.git,master,,tutorials/**;gradlew.bat,,,,,
https://github.com/itsDanielGuan/ip.git,master,,tutorials/**;gradlew.bat,,,,,
https://github.com/h0nh0nbaguette/ip.git,master,,tutorials/**;gradlew.bat,,,,,
https://github.com/KeithKng/ip.git,master,,tutorials/**;gradlew.bat,,,,,
https://github.com/xian-zhe/ip.git,master,,tutorials/**;gradlew.bat,,,,,
https://github.com/Soch-ia/ip.git,master,,tutorials/**;gradlew.bat,,,,,
https://github.com/piyaphat38030/ip.git,master,,tutorials/**;gradlew.bat,,,,,
https://github.com/Cookiemunchrr/ip.git,master,,tutorials/**;gradlew.bat,,,,,
https://github.com/chuanhao01/ip.git,master,,tutorials/**;gradlew.bat,,,,,
https://github.com/Keerthivasan152/ip.git,master,,tutorials/**;gradlew.bat,,,,,
https://github.com/Goh-Wei-Chong/ip.git,master,,tutorials/**;gradlew.bat,,,,,
https://github.com/Luigi-Simon/ip.git,master,,tutorials/**;gradlew.bat,,,,,
https://github.com/Edison-choo/ip.git,master,,tutorials/**;gradlew.bat,,,,,
https://github.com/LeeWenKang-NUS/ip.git,master,,tutorials/**;gradlew.bat,,,,,
https://github.com/Elljaykei/ip.git,master,,tutorials/**;gradlew.bat,,,,,
https://github.com/Alexc09/ip.git,master,,tutorials/**;gradlew.bat,,,,,
https://github.com/darrenori/ip.git,master,,tutorials/**;gradlew.bat,,,,,
https://github.com/wyekstudent/ip.git,master,,tutorials/**;gradlew.bat,,,,,
https://github.com/John-Dai-88/ip.git,master,,tutorials/**;gradlew.bat,,,,,
https://github.com/Aster0/ip.git,master,,tutorials/**;gradlew.bat,,,,,
https://github.com/bevanpoh/ip.git,master,,tutorials/**;gradlew.bat,,,,,
https://github.com/Ryanyzh/ip.git,master,,tutorials/**;gradlew.bat,,,,,
https://github.com/minrui13/ip.git,master,,tutorials/**;gradlew.bat,,,,,
https://github.com/MathRat190225/ip.git,master,,tutorials/**;gradlew.bat,,,,,
https://github.com/Adriazz/ip.git,master,,tutorials/**;gradlew.bat,,,,,
https://github.com/JavierLimZH/ip.git,master,,tutorials/**;gradlew.bat,,,,,
https://github.com/f1r8/ip.git,master,,tutorials/**;gradlew.bat,,,,,
https://github.com/nje14/ip.git,master,,tutorials/**;gradlew.bat,,,,,
https://github.com/cewau/ip.git,master,,tutorials/**;gradlew.bat,,,,,
https://github.com/Kimame04/ip.git,master,,tutorials/**;gradlew.bat,,,,,
https://github.com/BirdsArentReal/ip.git,master,,tutorials/**;gradlew.bat,,,,,
https://github.com/zirong679/ip.git,master,,tutorials/**;gradlew.bat,,,,,
https://github.com/PenguinPiplup/ip.git,master,,tutorials/**;gradlew.bat,,,,,
https://github.com/nuggettowin/ip.git,master,,tutorials/**;gradlew.bat,,,,,
https://github.com/JackChuaYC/ip.git,master,,tutorials/**;gradlew.bat,,,,,
https://github.com/L-TM/ip.git,master,,tutorials/**;gradlew.bat,,,,,
https://github.com/IMNOTANNIE/ip.git,master,,tutorials/**;gradlew.bat,,,,,
https://github.com/randomwish/ip.git,master,,tutorials/**;gradlew.bat,,,,,
https://github.com/Alfred051201/ip.git,master,,tutorials/**;gradlew.bat,,,,,
https://github.com/matthewtansh/ip.git,master,,tutorials/**;gradlew.bat,,,,,
https://github.com/MinhHoangLeNUS/ip.git,master,,tutorials/**;gradlew.bat,,,,,
https://github.com/codeforce233/ip.git,master,,tutorials/**;gradlew.bat,,,,,
https://github.com/darrny/ip.git,master,,tutorials/**;gradlew.bat,,,,,
https://github.com/JerylChwa/ip.git,master,,tutorials/**;gradlew.bat,,,,,
https://github.com/raynor-koh/ip.git,master,,tutorials/**;gradlew.bat,,,,,
https://github.com/zyangchuan/ip.git,master,,tutorials/**;gradlew.bat,,,,,
https://github.com/jolneetanky/ip.git,master,,tutorials/**;gradlew.bat,,,,,
https://github.com/jingyucodes/ip.git,master,,tutorials/**;gradlew.bat,,,,,
https://github.com/0218hy/ip.git,master,,tutorials/**;gradlew.bat,,,,,
https://github.com/Rio-maker/ip.git,master,,tutorials/**;gradlew.bat,,,,,
https://github.com/less413/ip.git,master,,tutorials/**;gradlew.bat,,,,,
https://github.com/dardenren/ip.git,master,,tutorials/**;gradlew.bat,,,,,
https://github.com/KoeyXianHan123/ip.git,master,,tutorials/**;gradlew.bat,,,,,
https://github.com/jiayouchew/ip.git,master,,tutorials/**;gradlew.bat,,,,,
https://github.com/PBez02/ip.git,master,,tutorials/**;gradlew.bat,,,,,
https://github.com/tkythomas/ip.git,master,,tutorials/**;gradlew.bat,,,,,
https://github.com/SzeTingT/ip.git,master,,tutorials/**;gradlew.bat,,,,,
https://github.com/sjyjoshua/ip.git,master,,tutorials/**;gradlew.bat,,,,,
https://github.com/PhuXien/ip.git,master,,tutorials/**;gradlew.bat,,,,,
https://github.com/plutonaruto/ip.git,master,,tutorials/**;gradlew.bat,,,,,
https://github.com/ap-was-here/ip.git,master,,tutorials/**;gradlew.bat,,,,,
https://github.com/ravanc/ip.git,master,,tutorials/**;gradlew.bat,,,,,
https://github.com/spadewiz/ip.git,master,,tutorials/**;gradlew.bat,,,,,
https://github.com/Anthony-QIN-fz/ip.git,master,,tutorials/**;gradlew.bat,,,,,
https://github.com/aziz-Almarzooq/ip.git,master,,tutorials/**;gradlew.bat,,,,,
https://github.com/MetalPower26/ip.git,master,,tutorials/**;gradlew.bat,,,,,
https://github.com/GODMODE899/ip.git,master,,tutorials/**;gradlew.bat,,,,,
https://github.com/JokThreee/ip.git,master,,tutorials/**;gradlew.bat,,,,,
https://github.com/shrad1601/ip.git,master,,tutorials/**;gradlew.bat,,,,,
https://github.com/bentengly/ip.git,master,,tutorials/**;gradlew.bat,,,,,
https://github.com/PenguinsGoWild/ip.git,master,,tutorials/**;gradlew.bat,,,,,
https://github.com/jamestorivor/ip.git,master,,tutorials/**;gradlew.bat,,,,,
https://github.com/mr-yeo/ip.git,master,,tutorials/**;gradlew.bat,,,,,
https://github.com/FatDino789/ip.git,master,,tutorials/**;gradlew.bat,,,,,
https://github.com/snowlyr/ip.git,master,,tutorials/**;gradlew.bat,,,,,
https://github.com/ykteo000/ip.git,master,,tutorials/**;gradlew.bat,,,,,
https://github.com/mannymacman/ip.git,master,,tutorials/**;gradlew.bat,,,,,
https://github.com/JONASKKE/ip.git,master,,tutorials/**;gradlew.bat,,,,,
https://github.com/Alloyshoes/ip.git,master,,tutorials/**;gradlew.bat,,,,,
https://github.com/shijieteo/ip.git,master,,tutorials/**;gradlew.bat,,,,,
https://github.com/limjunan/ip.git,master,,tutorials/**;gradlew.bat,,,,,
https://github.com/idealfarhand/ip.git,master,,tutorials/**;gradlew.bat,,,,,
https://github.com/nivremi/ip.git,master,,tutorials/**;gradlew.bat,,,,,
https://github.com/RyanNgCT/ip.git,master,,tutorials/**;gradlew.bat,,,,,
https://github.com/avalidgitusername/ip.git,master,,tutorials/**;gradlew.bat,,,,,
https://github.com/zRayhhh/ip.git,master,,tutorials/**;gradlew.bat,,,,,
https://github.com/joshmode/ip.git,master,,tutorials/**;gradlew.bat,,,,,
https://github.com/greysome/ip.git,master,,tutorials/**;gradlew.bat,,,,,
https://github.com/Bruhmiuz/ip.git,master,,tutorials/**;gradlew.bat,,,,,
https://github.com/Lew1sWong/ip.git,master,,tutorials/**;gradlew.bat,,,,,
https://github.com/kqjy29/ip.git,master,,tutorials/**;gradlew.bat,,,,,
https://github.com/Gauhet/ip.git,master,,tutorials/**;gradlew.bat,,,,,
https://github.com/gugrusaurus/ip.git,master,,tutorials/**;gradlew.bat,,,,,
https://github.com/BarcaBoy109/ip.git,master,,tutorials/**;gradlew.bat,,,,,
https://github.com/hyunmin1211/ip.git,master,,tutorials/**;gradlew.bat,,,,,
https://github.com/sarinake/ip.git,master,,tutorials/**;gradlew.bat,,,,,
https://github.com/Dai-yangjie/ip.git,master,,tutorials/**;gradlew.bat,,,,,
https://github.com/tianyu487/ip.git,master,,tutorials/**;gradlew.bat,,,,,
https://github.com/ZachL1113/ip.git,master,,tutorials/**;gradlew.bat,,,,,
https://github.com/JiayiZhai/ip.git,master,,tutorials/**;gradlew.bat,,,,,
https://github.com/mao455/ip.git,master,,tutorials/**;gradlew.bat,,,,,
https://github.com/ZhouZheng152/ip.git,master,,tutorials/**;gradlew.bat,,,,,
https://github.com/herohelennn1010/ip.git,master,,tutorials/**;gradlew.bat,,,,,
https://github.com/Yanrong-Wang/ip.git,master,,tutorials/**;gradlew.bat,,,,,
https://github.com/notmeegoreng/ip.git,master,,tutorials/**;gradlew.bat,,,,,
https://github.com/neokh719/ip.git,master,,tutorials/**;gradlew.bat,,,,,
https://github.com/wtvlol/ip.git,master,,tutorials/**;gradlew.bat,,,,,
https://github.com/seahjiale/ip.git,master,,tutorials/**;gradlew.bat,,,,,
https://github.com/zaru-noodles/ip.git,master,,tutorials/**;gradlew.bat,,,,,
https://github.com/qxxd666/ip.git,master,,tutorials/**;gradlew.bat,,,,,
https://github.com/minweed/ip.git,master,,tutorials/**;gradlew.bat,,,,,
https://github.com/JXYU2004/ip.git,master,,tutorials/**;gradlew.bat,,,,,
https://github.com/ZYS-37/ip.git,master,,tutorials/**;gradlew.bat,,,,,
https://github.com/josthan12/ip.git,master,,tutorials/**;gradlew.bat,,,,,
https://github.com/Matcha1atte1/ip.git,master,,tutorials/**;gradlew.bat,,,,,
https://github.com/junliangli2004-web/ip.git,master,,tutorials/**;gradlew.bat,,,,,
https://github.com/axelheng/ip.git,master,,tutorials/**;gradlew.bat,,,,,
https://github.com/idkwattoput-689/ip.git,master,,tutorials/**;gradlew.bat,,,,,
https://github.com/Mimbao/ip.git,master,,tutorials/**;gradlew.bat,,,,,
https://github.com/XanderGoh/ip.git,master,,tutorials/**;gradlew.bat,,,,,
https://github.com/ashinms/ip.git,master,,tutorials/**;gradlew.bat,,,,,
https://github.com/chesterlim2004/ip.git,master,,tutorials/**;gradlew.bat,,,,,
https://github.com/chester-wong-33/ip.git,master,,tutorials/**;gradlew.bat,,,,,
https://github.com/gabriel-wan/ip.git,master,,tutorials/**;gradlew.bat,,,,,
https://github.com/jingchunnnnn/ip.git,master,,tutorials/**;gradlew.bat,,,,,
https://github.com/qqnoodle/ip.git,master,,tutorials/**;gradlew.bat,,,,,
https://github.com/isaaaxe/ip.git,master,,tutorials/**;gradlew.bat,,,,,
https://github.com/tiannnle/ip.git,master,,tutorials/**;gradlew.bat,,,,,
https://github.com/Unknownflow/ip.git,master,,tutorials/**;gradlew.bat,,,,,
https://github.com/Slytherax/ip.git,master,,tutorials/**;gradlew.bat,,,,,
https://github.com/somawa/ip.git,master,,tutorials/**;gradlew.bat,,,,,
https://github.com/Keegan4/ip.git,master,,tutorials/**;gradlew.bat,,,,,
https://github.com/USER-LRK/ip.git,master,,tutorials/**;gradlew.bat,,,,,
https://github.com/chetangent/ip.git,master,,tutorials/**;gradlew.bat,,,,,
https://github.com/WatsUrProb/ip.git,master,,tutorials/**;gradlew.bat,,,,,
https://github.com/kaseyho/ip.git,master,,tutorials/**;gradlew.bat,,,,,
https://github.com/yjenexd/ip.git,master,,tutorials/**;gradlew.bat,,,,,
https://github.com/irtan-cell/ip.git,master,,tutorials/**;gradlew.bat,,,,,
https://github.com/fireinyu/ip.git,master,,tutorials/**;gradlew.bat,,,,,
https://github.com/spencercdz/ip.git,master,,tutorials/**;gradlew.bat,,,,,
https://github.com/YujieJWang/ip.git,master,,tutorials/**;gradlew.bat,,,,,
https://github.com/ArjoDas/ip.git,master,,tutorials/**;gradlew.bat,,,,,
https://github.com/pavan2184/ip.git,master,,tutorials/**;gradlew.bat,,,,,
https://github.com/kimjunkuno/ip.git,master,,tutorials/**;gradlew.bat,,,,,
https://github.com/aerodart/ip.git,master,,tutorials/**;gradlew.bat,,,,,
https://github.com/v1-nce/ip.git,master,,tutorials/**;gradlew.bat,,,,,
https://github.com/TauzihKhan/ip.git,master,,tutorials/**;gradlew.bat,,,,,
https://github.com/weijun72/ip.git,master,,tutorials/**;gradlew.bat,,,,,
https://github.com/EthanJoshLeong/ip.git,master,,tutorials/**;gradlew.bat,,,,,
https://github.com/patientotter/ip.git,master,,tutorials/**;gradlew.bat,,,,,
https://github.com/AaronL248/ip.git,master,,tutorials/**;gradlew.bat,,,,,
https://github.com/GeraldFSE/ip.git,master,,tutorials/**;gradlew.bat,,,,,
https://github.com/iansine/ip.git,master,,tutorials/**;gradlew.bat,,,,,
https://github.com/dillionlim/ip.git,master,,tutorials/**;gradlew.bat,,,,,
https://github.com/fuhlie/ip.git,master,,tutorials/**;gradlew.bat,,,,,
https://github.com/krit004/ip.git,master,,tutorials/**;gradlew.bat,,,,,
https://github.com/srivatsanj27/ip.git,master,,tutorials/**;gradlew.bat,,,,,
https://github.com/Liu-Yuqi-617/ip.git,master,,tutorials/**;gradlew.bat,,,,,
https://github.com/legned-wenze/ip.git,master,,tutorials/**;gradlew.bat,,,,,
https://github.com/peterpei666/ip.git,master,,tutorials/**;gradlew.bat,,,,,
https://github.com/zruixuan/ip.git,master,,tutorials/**;gradlew.bat,,,,,
https://github.com/little-zhenyao/ip.git,master,,tutorials/**;gradlew.bat,,,,,
https://github.com/ZhangHanzhongFox/ip.git,master,,tutorials/**;gradlew.bat,,,,,
https://github.com/yanzhu9/ip.git,master,,tutorials/**;gradlew.bat,,,,,
https://github.com/HXY070103/ip.git,master,,tutorials/**;gradlew.bat,,,,,
https://github.com/He-Qianyi/ip.git,master,,tutorials/**;gradlew.bat,,,,,
https://github.com/stephen-118/ip.git,master,,tutorials/**;gradlew.bat,,,,,
https://github.com/keejuanfoo/ip.git,master,,tutorials/**;gradlew.bat,,,,,
https://github.com/chee-yew/ip.git,master,,tutorials/**;gradlew.bat,,,,,
https://github.com/jiahw4ng/ip.git,master,,tutorials/**;gradlew.bat,,,,,
https://github.com/felicia-duwana/ip.git,master,,tutorials/**;gradlew.bat,,,,,
https://github.com/its-shoutime/ip.git,master,,tutorials/**;gradlew.bat,,,,,
https://github.com/khangsian0412/ip.git,master,,tutorials/**;gradlew.bat,,,,,
https://github.com/yxlyx/ip.git,master,,tutorials/**;gradlew.bat,,,,,
https://github.com/ananyakharbanda/ip.git,master,,tutorials/**;gradlew.bat,,,,,
https://github.com/Lol-Hi/ip.git,master,,tutorials/**;gradlew.bat,,,,,
https://github.com/yiilinzhang/ip.git,master,,tutorials/**;gradlew.bat,,,,,
https://github.com/kong-xin-yang/ip.git,master,,tutorials/**;gradlew.bat,,,,,
https://github.com/cibichandar/ip.git,master,,tutorials/**;gradlew.bat,,,,,
https://github.com/Xuenyin/ip.git,master,,tutorials/**;gradlew.bat,,,,,
https://github.com/YUJ1N06/ip.git,master,,tutorials/**;gradlew.bat,,,,,
https://github.com/carlyngohing/ip.git,master,,tutorials/**;gradlew.bat,,,,,
https://github.com/psq21/ip.git,master,,tutorials/**;gradlew.bat,,,,,
https://github.com/limenxi07/ip.git,master,,tutorials/**;gradlew.bat,,,,,
https://github.com/TYS2/ip.git,master,,tutorials/**;gradlew.bat,,,,,
https://github.com/ffynch/ip.git,master,,tutorials/**;gradlew.bat,,,,,
https://github.com/HSE888/ip.git,master,,tutorials/**;gradlew.bat,,,,,
https://github.com/Oofky/ip.git,master,,tutorials/**;gradlew.bat,,,,,
https://github.com/chausarahnusitems-tech/ip.git,master,,tutorials/**;gradlew.bat,,,,,
https://github.com/lilosy/ip.git,master,,tutorials/**;gradlew.bat,,,,,
https://github.com/firebean850/ip.git,master,,tutorials/**;gradlew.bat,,,,,
https://github.com/nsriram18/ip.git,master,,tutorials/**;gradlew.bat,,,,,
https://github.com/ZSDcode/ip.git,master,,tutorials/**;gradlew.bat,,,,,
https://github.com/ClarenceChoo/ip.git,master,,tutorials/**;gradlew.bat,,,,,
https://github.com/jixiang-t/ip.git,master,,tutorials/**;gradlew.bat,,,,,
https://github.com/Qu-Jingran/ip.git,master,,tutorials/**;gradlew.bat,,,,,
https://github.com/BurpZes/ip.git,master,,tutorials/**;gradlew.bat,,,,,
https://github.com/MattGoddd/ip.git,master,,tutorials/**;gradlew.bat,,,,,
https://github.com/lohjn/ip.git,master,,tutorials/**;gradlew.bat,,,,,
https://github.com/megspq/ip.git,master,,tutorials/**;gradlew.bat,,,,,
https://github.com/EkulNich/ip.git,master,,tutorials/**;gradlew.bat,,,,,
https://github.com/Atqui-404/ip.git,master,,tutorials/**;gradlew.bat,,,,,
https://github.com/Tristan914684/ip.git,master,,tutorials/**;gradlew.bat,,,,,
https://github.com/YeXintai/ip.git,master,,tutorials/**;gradlew.bat,,,,,
https://github.com/justin2oo/ip.git,master,,tutorials/**;gradlew.bat,,,,,
https://github.com/rhinesonn/ip.git,master,,tutorials/**;gradlew.bat,,,,,
https://github.com/dbs15329/ip.git,master,,tutorials/**;gradlew.bat,,,,,
https://github.com/Amritaa66/ip.git,master,,tutorials/**;gradlew.bat,,,,,
https://github.com/Suki899/ip.git,master,,tutorials/**;gradlew.bat,,,,,
https://github.com/ultramanarm/ip.git,master,,tutorials/**;gradlew.bat,,,,,
https://github.com/yx-0000/ip.git,master,,tutorials/**;gradlew.bat,,,,,
https://github.com/Kenneth-Chia/ip.git,master,,tutorials/**;gradlew.bat,,,,,
https://github.com/jyothsana-narendran/ip.git,master,,tutorials/**;gradlew.bat,,,,,
https://github.com/pratixksha/ip.git,master,,tutorials/**;gradlew.bat,,,,,
https://github.com/xinyu0410/ip.git,master,,tutorials/**;gradlew.bat,,,,,
https://github.com/gwenlim89/ip.git,master,,tutorials/**;gradlew.bat,,,,,
https://github.com/ginger-zjz/ip.git,master,,tutorials/**;gradlew.bat,,,,,
https://github.com/aayanvatsa04/ip.git,master,,tutorials/**;gradlew.bat,,,,,
https://github.com/Lim-04/ip.git,master,,tutorials/**;gradlew.bat,,,,,
https://github.com/Papangkorn-Pann/ip.git,master,,tutorials/**;gradlew.bat,,,,,
https://github.com/luziyue525/ip.git,master,,tutorials/**;gradlew.bat,,,,,
https://github.com/ys000009/ip.git,master,,tutorials/**;gradlew.bat,,,,,
https://github.com/bany-nguyen/ip.git,master,,tutorials/**;gradlew.bat,,,,,
https://github.com/zao05/ip.git,master,,tutorials/**;gradlew.bat,,,,,
https://github.com/IncharaPraveen/ip.git,master,,tutorials/**;gradlew.bat,,,,,
https://github.com/xdJanaut/ip.git,master,,tutorials/**;gradlew.bat,,,,,
https://github.com/toomintyy/ip.git,master,,tutorials/**;gradlew.bat,,,,,
https://github.com/kks070206/ip.git,master,,tutorials/**;gradlew.bat,,,,,
https://github.com/ewonglh/ip.git,master,,tutorials/**;gradlew.bat,,,,,
https://github.com/HONYIEN/ip.git,master,,tutorials/**;gradlew.bat,,,,,
https://github.com/AsherNg/ip.git,master,,tutorials/**;gradlew.bat,,,,,
https://github.com/wellbakedquiche/ip.git,master,,tutorials/**;gradlew.bat,,,,,
https://github.com/Umaiza-15/ip.git,master,,tutorials/**;gradlew.bat,,,,,
https://github.com/kaih4n/ip.git,master,,tutorials/**;gradlew.bat,,,,,
https://github.com/pang16334/ip.git,master,,tutorials/**;gradlew.bat,,,,,
https://github.com/joash-chen/ip.git,master,,tutorials/**;gradlew.bat,,,,,
https://github.com/ben58882/ip.git,master,,tutorials/**;gradlew.bat,,,,,
https://github.com/JonathanZheng/ip.git,master,,tutorials/**;gradlew.bat,,,,,
https://github.com/Sakthi-dev-tech/ip.git,master,,tutorials/**;gradlew.bat,,,,,
https://github.com/Antelyuu/ip.git,master,,tutorials/**;gradlew.bat,,,,,
https://github.com/Legalunicorn/ip.git,master,,tutorials/**;gradlew.bat,,,,,
https://github.com/sowyoung/ip.git,master,,tutorials/**;gradlew.bat,,,,,
https://github.com/lingsongc/ip.git,master,,tutorials/**;gradlew.bat,,,,,
https://github.com/ErnestChuaa/ip.git,master,,tutorials/**;gradlew.bat,,,,,
https://github.com/TzeYuon/ip.git,master,,tutorials/**;gradlew.bat,,,,,
https://github.com/Austin-Chia/ip.git,master,,tutorials/**;gradlew.bat,,,,,
https://github.com/unoptimalsuperstructure/ip.git,master,,tutorials/**;gradlew.bat,,,,,
https://github.com/zkw2004/ip.git,master,,tutorials/**;gradlew.bat,,,,,
https://github.com/JellehBelleh/ip.git,master,,tutorials/**;gradlew.bat,,,,,
https://github.com/Antz5lyfe/ip.git,master,,tutorials/**;gradlew.bat,,,,,
https://github.com/henrlly/ip.git,master,,tutorials/**;gradlew.bat,,,,,
https://github.com/LINGSIHAN/ip.git,master,,tutorials/**;gradlew.bat,,,,,
https://github.com/vishnuroxx/ip.git,master,,tutorials/**;gradlew.bat,,,,,
https://github.com/jaydenleungky/ip.git,master,,tutorials/**;gradlew.bat,,,,,
https://github.com/qztoh/ip.git,master,,tutorials/**;gradlew.bat,,,,,
https://github.com/scoot1234/ip.git,master,,tutorials/**;gradlew.bat,,,,,
https://github.com/chzzzzzzzzzz/ip.git,master,,tutorials/**;gradlew.bat,,,,,
https://github.com/Jigusheng/ip.git,master,,tutorials/**;gradlew.bat,,,,,
https://github.com/HoneycombHen/ip.git,master,,tutorials/**;gradlew.bat,,,,,
https://github.com/NgXuXian/ip.git,master,,tutorials/**;gradlew.bat,,,,,
https://github.com/adwaithanoop/ip.git,master,,tutorials/**;gradlew.bat,,,,,
https://github.com/LEE-wz/ip.git,master,,tutorials/**;gradlew.bat,,,,,
https://github.com/ChesterLZW/ip.git,master,,tutorials/**;gradlew.bat,,,,,
https://github.com/currycurry11/ip.git,master,,tutorials/**;gradlew.bat,,,,,
https://github.com/Sanjith-Gunasekaran/ip.git,master,,tutorials/**;gradlew.bat,,,,,
https://github.com/ewje/ip.git,master,,tutorials/**;gradlew.bat,,,,,
https://github.com/YourHand29/ip.git,master,,tutorials/**;gradlew.bat,,,,,
https://github.com/Alpharion/ip.git,master,,tutorials/**;gradlew.bat,,,,,
https://github.com/Haocheeks/ip.git,master,,tutorials/**;gradlew.bat,,,,,
https://github.com/yangjieloh/ip.git,master,,tutorials/**;gradlew.bat,,,,,
https://github.com/seadrickbug/ip.git,master,,tutorials/**;gradlew.bat,,,,,
https://github.com/qiyuannn/ip.git,master,,tutorials/**;gradlew.bat,,,,,
https://github.com/ys-243/ip.git,master,,tutorials/**;gradlew.bat,,,,,
https://github.com/RogerZhang888/ip.git,master,,tutorials/**;gradlew.bat,,,,,
https://github.com/eeyang2026/ip.git,master,,tutorials/**;gradlew.bat,,,,,
https://github.com/EvanNg213/ip.git,master,,tutorials/**;gradlew.bat,,,,,
https://github.com/wkc75/ip.git,master,,tutorials/**;gradlew.bat,,,,,
https://github.com/WesleyTay25/ip.git,master,,tutorials/**;gradlew.bat,,,,,
https://github.com/skhaw2004/ip.git,master,,tutorials/**;gradlew.bat,,,,,
https://github.com/SomaadityaSamal/ip.git,master,,tutorials/**;gradlew.bat,,,,,
https://github.com/hongyuuuu/ip.git,master,,tutorials/**;gradlew.bat,,,,,
https://github.com/jvally/ip.git,master,,tutorials/**;gradlew.bat,,,,,
https://github.com/mingzanzee/ip.git,master,,tutorials/**;gradlew.bat,,,,,
https://github.com/StrixGoldhorn/ip.git,master,,tutorials/**;gradlew.bat,,,,,
https://github.com/Totonyny511/ip.git,master,,tutorials/**;gradlew.bat,,,,,
https://github.com/tchgf/ip.git,master,,tutorials/**;gradlew.bat,,,,,
https://github.com/SmileSoCute/ip.git,master,,tutorials/**;gradlew.bat,,,,,
https://github.com/ethanlaiii/ip.git,master,,tutorials/**;gradlew.bat,,,,,
https://github.com/shiverin/ip.git,master,,tutorials/**;gradlew.bat,,,,,
https://github.com/neo-jonathann/ip.git,master,,tutorials/**;gradlew.bat,,,,,
https://github.com/SpoinorNUS/ip.git,master,,tutorials/**;gradlew.bat,,,,,
https://github.com/keyfurrr67/ip.git,master,,tutorials/**;gradlew.bat,,,,,
https://github.com/yxyx88/ip.git,master,,tutorials/**;gradlew.bat,,,,,
https://github.com/aston-ish/ip.git,master,,tutorials/**;gradlew.bat,,,,,
https://github.com/My2h/ip.git,master,,tutorials/**;gradlew.bat,,,,,
https://github.com/Ciltan/ip.git,master,,tutorials/**;gradlew.bat,,,,,
https://github.com/jianyang999/ip.git,master,,tutorials/**;gradlew.bat,,,,,
https://github.com/alpacajc/ip.git,master,,tutorials/**;gradlew.bat,,,,,
https://github.com/nyxkk/ip.git,master,,tutorials/**;gradlew.bat,,,,,
https://github.com/Ken-Tat/ip.git,master,,tutorials/**;gradlew.bat,,,,,
https://github.com/parkankai/ip.git,master,,tutorials/**;gradlew.bat,,,,,
https://github.com/xinyu-zxy/ip.git,master,,tutorials/**;gradlew.bat,,,,,
https://github.com/valencia127/ip.git,master,,tutorials/**;gradlew.bat,,,,,
https://github.com/markadodo/ip.git,master,,tutorials/**;gradlew.bat,,,,,
https://github.com/enchantedcolesaw/ip.git,master,,tutorials/**;gradlew.bat,,,,,
https://github.com/Cysiac/ip.git,master,,tutorials/**;gradlew.bat,,,,,
https://github.com/chunghean/ip.git,master,,tutorials/**;gradlew.bat,,,,,
https://github.com/elsxyss/ip.git,master,,tutorials/**;gradlew.bat,,,,,
https://github.com/Vanillajohn/ip.git,master,,tutorials/**;gradlew.bat,,,,,
https://github.com/Honeybee1011/ip.git,master,,tutorials/**;gradlew.bat,,,,,
https://github.com/geraldnyeo/ip.git,master,,tutorials/**;gradlew.bat,,,,,
https://github.com/gerardlke/ip.git,master,,tutorials/**;gradlew.bat,,,,,
https://github.com/Polar1605/ip.git,master,,tutorials/**;gradlew.bat,,,,,
https://github.com/Ayushjain8541/ip.git,master,,tutorials/**;gradlew.bat,,,,,
https://github.com/joelyrk/ip.git,master,,tutorials/**;gradlew.bat,,,,,
https://github.com/ed3yuu/ip.git,master,,tutorials/**;gradlew.bat,,,,,
https://github.com/LittleLittleLittleR/ip.git,master,,tutorials/**;gradlew.bat,,,,,
https://github.com/riceric8/ip.git,master,,tutorials/**;gradlew.bat,,,,,
https://github.com/yyihengg/ip.git,master,,tutorials/**;gradlew.bat,,,,,
https://github.com/Eskalade/ip.git,master,,tutorials/**;gradlew.bat,,,,,
https://github.com/savemywifi/ip.git,master,,tutorials/**;gradlew.bat,,,,,
https://github.com/juniuslui/ip.git,master,,tutorials/**;gradlew.bat,,,,,
https://github.com/draxche/ip.git,master,,tutorials/**;gradlew.bat,,,,,
https://github.com/jonkohzy/ip.git,master,,tutorials/**;gradlew.bat,,,,,
https://github.com/RightHandSide/ip.git,master,,tutorials/**;gradlew.bat,,,,,
https://github.com/Zhikai-Koh/ip.git,master,,tutorials/**;gradlew.bat,,,,,
https://github.com/matthewbiju/ip.git,master,,tutorials/**;gradlew.bat,,,,,
https://github.com/chocoHacks33/ip.git,master,,tutorials/**;gradlew.bat,,,,,
https://github.com/HIIMHEY/ip.git,master,,tutorials/**;gradlew.bat,,,,,
https://github.com/Applehihi/ip.git,master,,tutorials/**;gradlew.bat,,,,,
https://github.com/randallsojm/ip.git,master,,tutorials/**;gradlew.bat,,,,,
https://github.com/sammeowwww/ip.git,master,,tutorials/**;gradlew.bat,,,,,
https://github.com/LucasNgui/ip.git,master,,tutorials/**;gradlew.bat,,,,,
https://github.com/cjldylan/ip.git,master,,tutorials/**;gradlew.bat,,,,,
https://github.com/nerrad2004/ip.git,master,,tutorials/**;gradlew.bat,,,,,
https://github.com/pranavp311/ip.git,master,,tutorials/**;gradlew.bat,,,,,
https://github.com/8ryanl33/ip.git,master,,tutorials/**;gradlew.bat,,,,,
https://github.com/jaredseezw/ip.git,master,,tutorials/**;gradlew.bat,,,,,
https://github.com/zxtay3/ip.git,master,,tutorials/**;gradlew.bat,,,,,
https://github.com/Azora04/ip.git,master,,tutorials/**;gradlew.bat,,,,,
https://github.com/winstonmulyadinus/ip.git,master,,tutorials/**;gradlew.bat,,,,,
https://github.com/yeoznc/ip.git,master,,tutorials/**;gradlew.bat,,,,,
https://github.com/zwqqwz123/ip.git,master,,tutorials/**;gradlew.bat,,,,,
https://github.com/Cha0yue/ip.git,master,,tutorials/**;gradlew.bat,,,,,
https://github.com/coffee-678/ip.git,master,,tutorials/**;gradlew.bat,,,,,
https://github.com/ruihongc/ip.git,master,,tutorials/**;gradlew.bat,,,,,
https://github.com/Yik-Wee/ip.git,master,,tutorials/**;gradlew.bat,,,,,
https://github.com/CJBuzz/ip.git,master,,tutorials/**;gradlew.bat,,,,,
https://github.com/aahilma/ip.git,master,,tutorials/**;gradlew.bat,,,,,
https://github.com/Shir0-Kage/ip.git,master,,tutorials/**;gradlew.bat,,,,,
https://github.com/Kia-Lok/ip.git,master,,tutorials/**;gradlew.bat,,,,,
https://github.com/alrightokguy/ip.git,master,,tutorials/**;gradlew.bat,,,,,
https://github.com/ooixs/ip.git,master,,tutorials/**;gradlew.bat,,,,,
https://github.com/Manutd1234/ip.git,master,,tutorials/**;gradlew.bat,,,,,
https://github.com/Dzdizzy/ip.git,master,,tutorials/**;gradlew.bat,,,,,
https://github.com/BoonHow97/ip.git,master,,tutorials/**;gradlew.bat,,,,,
https://github.com/Brendan-Lim/ip.git,master,,tutorials/**;gradlew.bat,,,,,
https://github.com/origami10004/ip.git,master,,tutorials/**;gradlew.bat,,,,,
https://github.com/NiJian3369/ip.git,master,,tutorials/**;gradlew.bat,,,,,
https://github.com/junh4nn/ip.git,master,,tutorials/**;gradlew.bat,,,,,
https://github.com/iians0n/ip.git,master,,tutorials/**;gradlew.bat,,,,,
https://github.com/chiacxx/ip.git,master,,tutorials/**;gradlew.bat,,,,,
https://github.com/yangzhiloh/ip.git,master,,tutorials/**;gradlew.bat,,,,,
https://github.com/kungfuxiongmao/ip.git,master,,tutorials/**;gradlew.bat,,,,,
https://github.com/JamesLee5182/ip.git,master,,tutorials/**;gradlew.bat,,,,,
https://github.com/jxinnan/ip.git,master,,tutorials/**;gradlew.bat,,,,,
https://github.com/JimmyIsAwesome12/ip.git,master,,tutorials/**;gradlew.bat,,,,,
https://github.com/DhruvBawa/ip.git,master,,tutorials/**;gradlew.bat,,,,,
https://github.com/ViincentLim/ip.git,master,,tutorials/**;gradlew.bat,,,,,
https://github.com/XieKaiwen/ip.git,master,,tutorials/**;gradlew.bat,,,,,
https://github.com/aintnoweii/ip.git,master,,tutorials/**;gradlew.bat,,,,,
https://github.com/zikiai/ip.git,master,,tutorials/**;gradlew.bat,,,,,
https://github.com/rayyanwong/ip.git,master,,tutorials/**;gradlew.bat,,,,,
https://github.com/HeYue474/ip.git,master,,tutorials/**;gradlew.bat,,,,,
https://github.com/linus-teo/ip.git,master,,tutorials/**;gradlew.bat,,,,,
https://github.com/Eddrick-23/ip.git,master,,tutorials/**;gradlew.bat,,,,,
https://github.com/robertlivando/ip.git,master,,tutorials/**;gradlew.bat,,,,,
https://github.com/hytradebridge/ip.git,master,,tutorials/**;gradlew.bat,,,,,
https://github.com/pinxinfang/ip.git,master,,tutorials/**;gradlew.bat,,,,,
https://github.com/yujiankoh/ip.git,master,,tutorials/**;gradlew.bat,,,,,
https://github.com/anderschow/ip.git,master,,tutorials/**;gradlew.bat,,,,,
https://github.com/sealfromdowntown/ip.git,master,,tutorials/**;gradlew.bat,,,,,
https://github.com/wongzhongxian/ip.git,master,,tutorials/**;gradlew.bat,,,,,
https://github.com/rayyngg/ip.git,master,,tutorials/**;gradlew.bat,,,,,
https://github.com/imgorf/ip.git,master,,tutorials/**;gradlew.bat,,,,,
https://github.com/JimiBong/ip.git,master,,tutorials/**;gradlew.bat,,,,,
https://github.com/lawjiakai11/ip.git,master,,tutorials/**;gradlew.bat,,,,,
https://github.com/joysonchewjin/ip.git,master,,tutorials/**;gradlew.bat,,,,,
https://github.com/Sea1vester/ip.git,master,,tutorials/**;gradlew.bat,,,,,
https://github.com/EL-NAIT/ip.git,master,,tutorials/**;gradlew.bat,,,,,
https://github.com/mgjk04/ip.git,master,,tutorials/**;gradlew.bat,,,,,
https://github.com/zzzhiyuan-77/ip.git,master,,tutorials/**;gradlew.bat,,,,,
https://github.com/ryan24chua/ip.git,master,,tutorials/**;gradlew.bat,,,,,
https://github.com/EdmundTan37/ip.git,master,,tutorials/**;gradlew.bat,,,,,
https://github.com/isaactay9856/ip.git,master,,tutorials/**;gradlew.bat,,,,,
https://github.com/sntan1214/ip.git,master,,tutorials/**;gradlew.bat,,,,,
https://github.com/dafadlaw/ip.git,master,,tutorials/**;gradlew.bat,,,,,
https://github.com/preyjwal/ip.git,master,,tutorials/**;gradlew.bat,,,,,
https://github.com/juinron/ip.git,master,,tutorials/**;gradlew.bat,,,,,
https://github.com/yukemii/ip.git,master,,tutorials/**;gradlew.bat,,,,,
https://github.com/angus-yxz/ip.git,master,,tutorials/**;gradlew.bat,,,,,
https://github.com/Nicholas-gohh/ip.git,master,,tutorials/**;gradlew.bat,,,,,
https://github.com/ShawnKokXK/ip.git,master,,tutorials/**;gradlew.bat,,,,,
https://github.com/tommyquak/ip.git,master,,tutorials/**;gradlew.bat,,,,,
https://github.com/dygrik/ip.git,master,,tutorials/**;gradlew.bat,,,,,
https://github.com/ApproxNeo/ip.git,master,,tutorials/**;gradlew.bat,,,,,
https://github.com/BrianLim35/ip.git,master,,tutorials/**;gradlew.bat,,,,,
https://github.com/benwoo1110/ip.git,master,,tutorials/**;gradlew.bat,,,,,
https://github.com/ting436/ip.git,master,,tutorials/**;gradlew.bat,,,,,
https://github.com/advaitio/ip.git,master,,tutorials/**;gradlew.bat,,,,,
https://github.com/malyalakusumita/ip.git,master,,tutorials/**;gradlew.bat,,,,,
https://github.com/headphonesribbons/ip.git,master,,tutorials/**;gradlew.bat,,,,,
https://github.com/jennangke/ip.git,master,,tutorials/**;gradlew.bat,,,,,
https://github.com/of89p/ip.git,master,,tutorials/**;gradlew.bat,,,,,
https://github.com/DaRealTristan/ip.git,master,,tutorials/**;gradlew.bat,,,,,
https://github.com/Frostwrath99/ip.git,master,,tutorials/**;gradlew.bat,,,,,
https://github.com/AAAchinnn/ip.git,master,,tutorials/**;gradlew.bat,,,,,
https://github.com/Asdao/ip.git,master,,tutorials/**;gradlew.bat,,,,,
https://github.com/trigg770/ip.git,master,,tutorials/**;gradlew.bat,,,,,
https://github.com/BenjaminWong33/ip.git,master,,tutorials/**;gradlew.bat,,,,,
https://github.com/Praneeth-Suresh/ip.git,master,,tutorials/**;gradlew.bat,,,,,
https://github.com/24JonW/ip.git,master,,tutorials/**;gradlew.bat,,,,,
https://github.com/AndreLiu1225/ip.git,master,,tutorials/**;gradlew.bat,,,,,
https://github.com/Yonggang142/ip.git,master,,tutorials/**;gradlew.bat,,,,,
https://github.com/suwi1226/ip.git,master,,tutorials/**;gradlew.bat,,,,,
https://github.com/PranavJ-960/ip.git,master,,tutorials/**;gradlew.bat,,,,,
https://github.com/purpleshark74/ip.git,master,,tutorials/**;gradlew.bat,,,,,
https://github.com/euanlt/ip.git,master,,tutorials/**;gradlew.bat,,,,,
https://github.com/jit1604/ip.git,master,,tutorials/**;gradlew.bat,,,,,
https://github.com/arav31/ip.git,master,,tutorials/**;gradlew.bat,,,,,
https://github.com/Heshtin/ip.git,master,,tutorials/**;gradlew.bat,,,,,
https://github.com/MeowyMacMeowza/ip.git,master,,tutorials/**;gradlew.bat,,,,,
https://github.com/SrivathsanRam/ip.git,master,,tutorials/**;gradlew.bat,,,,,
https://github.com/denzelgoo/ip.git,master,,tutorials/**;gradlew.bat,,,,,
https://github.com/sidharthbairy/ip.git,master,,tutorials/**;gradlew.bat,,,,,
https://github.com/liownahum/ip.git,master,,tutorials/**;gradlew.bat,,,,,
https://github.com/bedminer1/ip.git,master,,tutorials/**;gradlew.bat,,,,,
https://github.com/L0pch/ip.git,master,,tutorials/**;gradlew.bat,,,,,
https://github.com/jarenyap/ip.git,master,,tutorials/**;gradlew.bat,,,,,
https://github.com/IliekS/ip.git,master,,tutorials/**;gradlew.bat,,,,,
https://github.com/matthewhanyd/ip.git,master,,tutorials/**;gradlew.bat,,,,,
https://github.com/Kubogi/ip.git,master,,tutorials/**;gradlew.bat,,,,,
https://github.com/ChalasDK22/ip.git,master,,tutorials/**;gradlew.bat,,,,,
https://github.com/sonlexuan3000/ip.git,master,,tutorials/**;gradlew.bat,,,,,
https://github.com/hphehe/ip.git,master,,tutorials/**;gradlew.bat,,,,,
https://github.com/vutuanlong07/ip.git,master,,tutorials/**;gradlew.bat,,,,,
https://github.com/KelvenN11/ip.git,master,,tutorials/**;gradlew.bat,,,,,
https://github.com/jiewue/ip.git,master,,tutorials/**;gradlew.bat,,,,,
https://github.com/hhkennn/ip.git,master,,tutorials/**;gradlew.bat,,,,,
https://github.com/KohKoh-Nut/ip.git,master,,tutorials/**;gradlew.bat,,,,,
https://github.com/ThaiNguyen0806/ip.git,master,,tutorials/**;gradlew.bat,,,,,
https://github.com/itzkhoadao/ip.git,master,,tutorials/**;gradlew.bat,,,,,
https://github.com/Nguyen-Phuc-Thang/ip.git,master,,tutorials/**;gradlew.bat,,,,,
https://github.com/evannathanael/ip.git,master,,tutorials/**;gradlew.bat,,,,,
https://github.com/cs28118/ip.git,master,,tutorials/**;gradlew.bat,,,,,
https://github.com/duynguyen21007/ip.git,master,,tutorials/**;gradlew.bat,,,,,
https://github.com/amberrrruby/ip.git,master,,tutorials/**;gradlew.bat,,,,,
https://github.com/yileteoh/ip.git,master,,tutorials/**;gradlew.bat,,,,,
https://github.com/NGWEIJIEN35/ip.git,master,,tutorials/**;gradlew.bat,,,,,
https://github.com/lzc-nus/ip.git,master,,tutorials/**;gradlew.bat,,,,,
https://github.com/Noyoth/ip.git,master,,tutorials/**;gradlew.bat,,,,,
https://github.com/HienPahm/ip.git,master,,tutorials/**;gradlew.bat,,,,,
https://github.com/bedrockfake/ip.git,master,,tutorials/**;gradlew.bat,,,,,
https://github.com/wenyiliangg/ip.git,master,,tutorials/**;gradlew.bat,,,,,
https://github.com/isaacser8/ip.git,master,,tutorials/**;gradlew.bat,,,,,
https://github.com/topinmys/ip.git,master,,tutorials/**;gradlew.bat,,,,,
https://github.com/Itscoldhere22/ip.git,master,,tutorials/**;gradlew.bat,,,,,
https://github.com/dionhjx/ip.git,master,,tutorials/**;gradlew.bat,,,,,
https://github.com/TTHeang520/ip.git,master,,tutorials/**;gradlew.bat,,,,,
https://github.com/mingshun2005/ip.git,master,,tutorials/**;gradlew.bat,,,,,
https://github.com/engsheng/ip.git,master,,tutorials/**;gradlew.bat,,,,,
https://github.com/edwardheww/ip.git,master,,tutorials/**;gradlew.bat,,,,,
https://github.com/d0pb/ip.git,master,,tutorials/**;gradlew.bat,,,,,
https://github.com/valentinonathan/ip.git,master,,tutorials/**;gradlew.bat,,,,,
https://github.com/CAYOPAN/ip.git,master,,tutorials/**;gradlew.bat,,,,,
https://github.com/rondth/ip.git,master,,tutorials/**;gradlew.bat,,,,,
https://github.com/vickylim08/ip.git,master,,tutorials/**;gradlew.bat,,,,,
https://github.com/amndatasyaa/ip.git,master,,tutorials/**;gradlew.bat,,,,,
https://github.com/minghong-dev/ip.git,master,,tutorials/**;gradlew.bat,,,,,
https://github.com/Chrsxndr/ip.git,master,,tutorials/**;gradlew.bat,,,,,
https://github.com/yuanshengbronze/ip.git,master,,tutorials/**;gradlew.bat,,,,,
https://github.com/rahulg1507/ip.git,master,,tutorials/**;gradlew.bat,,,,,
https://github.com/antaradaw/ip.git,master,,tutorials/**;gradlew.bat,,,,,
https://github.com/fikoww/ip.git,master,,tutorials/**;gradlew.bat,,,,,
https://github.com/antonydchakola-hub/ip.git,master,,tutorials/**;gradlew.bat,,,,,
https://github.com/Krtin888/ip.git,master,,tutorials/**;gradlew.bat,,,,,
https://github.com/aanya007/ip.git,master,,tutorials/**;gradlew.bat,,,,,
https://github.com/nraisa0408/ip.git,master,,tutorials/**;gradlew.bat,,,,,
https://github.com/aayushi122/ip.git,master,,tutorials/**;gradlew.bat,,,,,
https://github.com/pulas2345/ip.git,master,,tutorials/**;gradlew.bat,,,,,
https://github.com/RayWHJ/ip.git,master,,tutorials/**;gradlew.bat,,,,,
https://github.com/GowrinathJK/ip.git,master,,tutorials/**;gradlew.bat,,,,,
https://github.com/Sia-Pathania/ip.git,master,,tutorials/**;gradlew.bat,,,,,
https://github.com/graceqian06/ip.git,master,,tutorials/**;gradlew.bat,,,,,
https://github.com/suvan1911/ip.git,master,,tutorials/**;gradlew.bat,,,,,
https://github.com/ChloeFoong/ip.git,master,,tutorials/**;gradlew.bat,,,,,
https://github.com/Yukino2711/ip.git,master,,tutorials/**;gradlew.bat,,,,,
https://github.com/Jax0312/ip.git,master,,tutorials/**;gradlew.bat,,,,,
https://github.com/AaravMalani/ip.git,master,,tutorials/**;gradlew.bat,,,,,
https://github.com/Rubyherp/ip.git,master,,tutorials/**;gradlew.bat,,,,,
https://github.com/clairep246/ip.git,master,,tutorials/**;gradlew.bat,,,,,
https://github.com/Nathaniel-Lim/ip.git,master,,tutorials/**;gradlew.bat,,,,,
https://github.com/zhuxinye754/ip.git,master,,tutorials/**;gradlew.bat,,,,,
https://github.com/kkyingovo/ip.git,master,,tutorials/**;gradlew.bat,,,,,
https://github.com/eatenquek/ip.git,master,,tutorials/**;gradlew.bat,,,,,
https://github.com/jessclouds/ip.git,master,,tutorials/**;gradlew.bat,,,,,
https://github.com/geengene/ip.git,master,,tutorials/**;gradlew.bat,,,,,
https://github.com/plainxjane/ip.git,master,,tutorials/**;gradlew.bat,,,,,
https://github.com/Henry336/ip.git,master,,tutorials/**;gradlew.bat,,,,,
https://github.com/naymin-gif/ip.git,master,,tutorials/**;gradlew.bat,,,,,
https://github.com/ThatLi/ip.git,master,,tutorials/**;gradlew.bat,,,,,
https://github.com/winhks25/ip.git,master,,tutorials/**;gradlew.bat,,,,,
https://github.com/Gnanes99/ip.git,master,,tutorials/**;gradlew.bat,,,,,
https://github.com/alexandra-setiawan/ip.git,master,,tutorials/**;gradlew.bat,,,,,
https://github.com/bibikowlf/ip.git,master,,tutorials/**;gradlew.bat,,,,,
https://github.com/dmraykhan/ip.git,master,,tutorials/**;gradlew.bat,,,,,
https://github.com/Enzo-MYX/ip.git,master,,tutorials/**;gradlew.bat,,,,,
https://github.com/linziyang2025-byte/ip.git,master,,tutorials/**;gradlew.bat,,,,,
https://github.com/soy046/ip.git,master,,tutorials/**;gradlew.bat,,,,,
https://github.com/jiangyuning07/ip.git,master,,tutorials/**;gradlew.bat,,,,,
https://github.com/ken2k7/ip.git,master,,tutorials/**;gradlew.bat,,,,,
https://github.com/MarcusMa06-code/ip.git,master,,tutorials/**;gradlew.bat,,,,,
https://github.com/Melogens/ip.git,master,,tutorials/**;gradlew.bat,,,,,
https://github.com/d1sha1/ip.git,master,,tutorials/**;gradlew.bat,,,,,
https://github.com/akoromy/ip.git,master,,tutorials/**;gradlew.bat,,,,,
https://github.com/ahsiwt101/ip.git,master,,tutorials/**;gradlew.bat,,,,,
https://github.com/samairakapur/ip.git,master,,tutorials/**;gradlew.bat,,,,,
https://github.com/chen-sixian/ip.git,master,,tutorials/**;gradlew.bat,,,,,
https://github.com/sel-couth-ene/ip.git,master,,tutorials/**;gradlew.bat,,,,,
https://github.com/timthedev07/ip.git,master,,tutorials/**;gradlew.bat,,,,,
https://github.com/glory-lion/ip.git,master,,tutorials/**;gradlew.bat,,,,,
https://github.com/AmyLiiiii/ip.git,master,,tutorials/**;gradlew.bat,,,,,
https://github.com/Yash-PoPularPlusPlus/ip.git,master,,tutorials/**;gradlew.bat,,,,,
